LSOA code,Year,Month_Num,Burglary_Count,"Asian, Asian British or Asian Welsh: Bangladeshi","Asian, Asian British or Asian Welsh: Chinese","Asian, Asian British or Asian Welsh: Indian","Asian, Asian British or Asian Welsh: Other Asian","Asian, Asian British or Asian Welsh: Pakistani","Black, Black British, Black Welsh, Caribbean or African: African","Black, Black British, Black Welsh, Caribbean or African: Caribbean","Black, Black British, Black Welsh, Caribbean or African: Other Black",Does not apply_x,Mixed or Multiple ethnic groups: Other Mixed or Multiple ethnic groups,Mixed or Multiple ethnic groups: White and Asian,Mixed or Multiple ethnic groups: White and Black African,Mixed or Multiple ethnic groups: White and Black Caribbean,Other ethnic group: Any other ethnic group,Other ethnic group: Arab,"White: English, Welsh, Scottish, Northern Irish or British",White: Gypsy or Irish Traveller,White: Irish,White: Other White,White: Roma,Does not apply_y,"L1, L2 and L3: Higher managerial, administrative and professional occupations",L10 and L11: Lower supervisory and technical occupations,L12: Semi-routine occupations,L13: Routine occupations,L14.1 and L14.2: Never worked and long-term unemployed,L15: Full-time students,"L4, L5 and L6: Lower managerial, administrative and professional occupations",L7: Intermediate occupations,L8 and L9: Small employers and own account workers,School_Count,Precise_Daylight_Hours
E01000001,2016,5,1,4,66,49,37,2,8,3,0,0,18,28,8,2,46,22,822,0,32,316,11,125,618,11,33,16,37,84,369,71,115,0.0,15.87
E01000001,2016,6,1,4,66,49,37,2,8,3,0,0,18,28,8,2,46,22,822,0,32,316,11,125,618,11,33,16,37,84,369,71,115,0.0,16.37
E01000001,2016,7,1,4,66,49,37,2,8,3,0,0,18,28,8,2,46,22,822,0,32,316,11,125,618,11,33,16,37,84,369,71,115,0.0,15.8
E01000001,2016,8,1,4,66,49,37,2,8,3,0,0,18,28,8,2,46,22,822,0,32,316,11,125,618,11,33,16,37,84,369,71,115,0.0,14.4
E01000001,2016,10,1,4,66,49,37,2,8,3,0,0,18,28,8,2,46,22,822,0,32,316,11,125,618,11,33,16,37,84,369,71,115,0.0,10.5
E01000001,2016,11,1,4,66,49,37,2,8,3,0,0,18,28,8,2,46,22,822,0,32,316,11,125,618,11,33,16,37,84,369,71,115,0.0,8.4
E01000001,2017,2,1,4,66,49,37,2,8,3,0,0,18,28,8,2,46,22,822,0,32,316,11,125,618,11,33,16,37,84,369,71,115,0.0,9.93
E01000001,2017,3,1,4,66,49,37,2,8,3,0,0,18,28,8,2,46,22,822,0,32,316,11,125,618,11,33,16,37,84,369,71,115,0.0,11.93
E01000001,2017,4,1,4,66,49,37,2,8,3,0,0,18,28,8,2,46,22,822,0,32,316,11,125,618,11,33,16,37,84,369,71,115,0.0,13.93
E01000001,2017,5,2,4,66,49,37,2,8,3,0,0,18,28,8,2,46,22,822,0,32,316,11,125,618,11,33,16,37,84,369,71,115,0.0,15.87
E01000001,2017,6,1,4,66,49,37,2,8,3,0,0,18,28,8,2,46,22,822,0,32,316,11,125,618,11,33,16,37,84,369,71,115,0.0,16.37
E01000001,2017,9,2,4,66,49,37,2,8,3,0,0,18,28,8,2,46,22,822,0,32,316,11,125,618,11,33,16,37,84,369,71,115,0.0,12.43
E01000001,2018,1,2,4,66,49,37,2,8,3,0,0,18,28,8,2,46,22,822,0,32,316,11,125,618,11,33,16,37,84,369,71,115,0.0,8.07
E01000001,2018,6,2,4,66,49,37,2,8,3,0,0,18,28,8,2,46,22,822,0,32,316,11,125,618,11,33,16,37,84,369,71,115,0.0,16.37
E01000001,2018,7,1,4,66,49,37,2,8,3,0,0,18,28,8,2,46,22,822,0,32,316,11,125,618,11,33,16,37,84,369,71,115,0.0,15.8
E01000001,2018,8,2,4,66,49,37,2,8,3,0,0,18,28,8,2,46,22,822,0,32,316,11,125,618,11,33,16,37,84,369,71,115,0.0,14.4
E01000001,2018,12,1,4,66,49,37,2,8,3,0,0,18,28,8,2,46,22,822,0,32,316,11,125,618,11,33,16,37,84,369,71,115,0.0,7.93
E01000001,2019,6,3,4,66,49,37,2,8,3,0,0,18,28,8,2,46,22,822,0,32,316,11,125,618,11,33,16,37,84,369,71,115,0.0,16.37
E01000001,2019,9,1,4,66,49,37,2,8,3,0,0,18,28,8,2,46,22,822,0,32,316,11,125,618,11,33,16,37,84,369,71,115,0.0,12.43
E01000001,2019,12,2,4,66,49,37,2,8,3,0,0,18,28,8,2,46,22,822,0,32,316,11,125,618,11,33,16,37,84,369,71,115,0.0,7.93
E01000001,2020,1,1,4,66,49,37,2,8,3,0,0,18,28,8,2,46,22,822,0,32,316,11,125,618,11,33,16,37,84,369,71,115,0.0,8.07
E01000001,2020,5,1,4,66,49,37,2,8,3,0,0,18,28,8,2,46,22,822,0,32,316,11,125,618,11,33,16,37,84,369,71,115,0.0,15.87
E01000001,2020,11,1,4,66,49,37,2,8,3,0,0,18,28,8,2,46,22,822,0,32,316,11,125,618,11,33,16,37,84,369,71,115,0.0,8.4
E01000001,2021,4,1,4,66,49,37,2,8,3,0,0,18,28,8,2,46,22,822,0,32,316,11,125,618,11,33,16,37,84,369,71,115,0.0,13.93
E01000001,2021,5,2,4,66,49,37,2,8,3,0,0,18,28,8,2,46,22,822,0,32,316,11,125,618,11,33,16,37,84,369,71,115,0.0,15.87
E01000001,2021,7,2,4,66,49,37,2,8,3,0,0,18,28,8,2,46,22,822,0,32,316,11,125,618,11,33,16,37,84,369,71,115,0.0,15.8
E01000001,2021,11,1,4,66,49,37,2,8,3,0,0,18,28,8,2,46,22,822,0,32,316,11,125,618,11,33,16,37,84,369,71,115,0.0,8.4
E01000001,2022,4,2,4,66,49,37,2,8,3,0,0,18,28,8,2,46,22,822,0,32,316,11,125,618,11,33,16,37,84,369,71,115,0.0,13.93
E01000001,2022,5,3,4,66,49,37,2,8,3,0,0,18,28,8,2,46,22,822,0,32,316,11,125,618,11,33,16,37,84,369,71,115,0.0,15.87
E01000001,2022,12,1,4,66,49,37,2,8,3,0,0,18,28,8,2,46,22,822,0,32,316,11,125,618,11,33,16,37,84,369,71,115,0.0,7.93
E01000001,2023,1,1,4,66,49,37,2,8,3,0,0,18,28,8,2,46,22,822,0,32,316,11,125,618,11,33,16,37,84,369,71,115,0.0,8.07
E01000001,2023,4,1,4,66,49,37,2,8,3,0,0,18,28,8,2,46,22,822,0,32,316,11,125,618,11,33,16,37,84,369,71,115,0.0,13.93
E01000001,2023,5,2,4,66,49,37,2,8,3,0,0,18,28,8,2,46,22,822,0,32,316,11,125,618,11,33,16,37,84,369,71,115,0.0,15.87
E01000001,2023,6,2,4,66,49,37,2,8,3,0,0,18,28,8,2,46,22,822,0,32,316,11,125,618,11,33,16,37,84,369,71,115,0.0,16.37
E01000001,2023,7,1,4,66,49,37,2,8,3,0,0,18,28,8,2,46,22,822,0,32,316,11,125,618,11,33,16,37,84,369,71,115,0.0,15.8
E01000001,2023,11,1,4,66,49,37,2,8,3,0,0,18,28,8,2,46,22,822,0,32,316,11,125,618,11,33,16,37,84,369,71,115,0.0,8.4
E01000001,2024,1,1,4,66,49,37,2,8,3,0,0,18,28,8,2,46,22,822,0,32,316,11,125,618,11,33,16,37,84,369,71,115,0.0,8.07
E01000001,2024,3,1,4,66,49,37,2,8,3,0,0,18,28,8,2,46,22,822,0,32,316,11,125,618,11,33,16,37,84,369,71,115,0.0,11.93
E01000001,2024,7,2,4,66,49,37,2,8,3,0,0,18,28,8,2,46,22,822,0,32,316,11,125,618,11,33,16,37,84,369,71,115,0.0,15.8
E01000001,2024,11,1,4,66,49,37,2,8,3,0,0,18,28,8,2,46,22,822,0,32,316,11,125,618,11,33,16,37,84,369,71,115,0.0,8.4
E01000001,2024,12,1,4,66,49,37,2,8,3,0,0,18,28,8,2,46,22,822,0,32,316,11,125,618,11,33,16,37,84,369,71,115,0.0,7.93
E01000002,2016,5,2,7,102,37,32,3,9,2,0,0,28,26,4,2,37,13,734,0,42,302,6,86,631,7,15,10,40,88,358,55,95,0.0,15.87
E01000002,2016,6,1,7,102,37,32,3,9,2,0,0,28,26,4,2,37,13,734,0,42,302,6,86,631,7,15,10,40,88,358,55,95,0.0,16.37
E01000002,2016,12,1,7,102,37,32,3,9,2,0,0,28,26,4,2,37,13,734,0,42,302,6,86,631,7,15,10,40,88,358,55,95,0.0,7.93
E01000002,2017,2,1,7,102,37,32,3,9,2,0,0,28,26,4,2,37,13,734,0,42,302,6,86,631,7,15,10,40,88,358,55,95,0.0,9.93
E01000002,2017,11,1,7,102,37,32,3,9,2,0,0,28,26,4,2,37,13,734,0,42,302,6,86,631,7,15,10,40,88,358,55,95,0.0,8.4
E01000002,2018,4,1,7,102,37,32,3,9,2,0,0,28,26,4,2,37,13,734,0,42,302,6,86,631,7,15,10,40,88,358,55,95,0.0,13.93
E01000002,2018,9,1,7,102,37,32,3,9,2,0,0,28,26,4,2,37,13,734,0,42,302,6,86,631,7,15,10,40,88,358,55,95,0.0,12.43
E01000002,2018,11,1,7,102,37,32,3,9,2,0,0,28,26,4,2,37,13,734,0,42,302,6,86,631,7,15,10,40,88,358,55,95,0.0,8.4
E01000002,2019,4,1,7,102,37,32,3,9,2,0,0,28,26,4,2,37,13,734,0,42,302,6,86,631,7,15,10,40,88,358,55,95,0.0,13.93
E01000002,2019,8,2,7,102,37,32,3,9,2,0,0,28,26,4,2,37,13,734,0,42,302,6,86,631,7,15,10,40,88,358,55,95,0.0,14.4
E01000002,2019,9,1,7,102,37,32,3,9,2,0,0,28,26,4,2,37,13,734,0,42,302,6,86,631,7,15,10,40,88,358,55,95,0.0,12.43
E01000002,2019,10,1,7,102,37,32,3,9,2,0,0,28,26,4,2,37,13,734,0,42,302,6,86,631,7,15,10,40,88,358,55,95,0.0,10.5
E01000002,2019,11,1,7,102,37,32,3,9,2,0,0,28,26,4,2,37,13,734,0,42,302,6,86,631,7,15,10,40,88,358,55,95,0.0,8.4
E01000002,2020,1,1,7,102,37,32,3,9,2,0,0,28,26,4,2,37,13,734,0,42,302,6,86,631,7,15,10,40,88,358,55,95,0.0,8.07
E01000002,2020,4,1,7,102,37,32,3,9,2,0,0,28,26,4,2,37,13,734,0,42,302,6,86,631,7,15,10,40,88,358,55,95,0.0,13.93
E01000002,2020,7,2,7,102,37,32,3,9,2,0,0,28,26,4,2,37,13,734,0,42,302,6,86,631,7,15,10,40,88,358,55,95,0.0,15.8
E01000002,2020,8,2,7,102,37,32,3,9,2,0,0,28,26,4,2,37,13,734,0,42,302,6,86,631,7,15,10,40,88,358,55,95,0.0,14.4
E01000002,2021,3,2,7,102,37,32,3,9,2,0,0,28,26,4,2,37,13,734,0,42,302,6,86,631,7,15,10,40,88,358,55,95,0.0,11.93
E01000002,2022,2,2,7,102,37,32,3,9,2,0,0,28,26,4,2,37,13,734,0,42,302,6,86,631,7,15,10,40,88,358,55,95,0.0,9.93
E01000002,2022,6,1,7,102,37,32,3,9,2,0,0,28,26,4,2,37,13,734,0,42,302,6,86,631,7,15,10,40,88,358,55,95,0.0,16.37
E01000002,2022,8,1,7,102,37,32,3,9,2,0,0,28,26,4,2,37,13,734,0,42,302,6,86,631,7,15,10,40,88,358,55,95,0.0,14.4
E01000002,2023,2,1,7,102,37,32,3,9,2,0,0,28,26,4,2,37,13,734,0,42,302,6,86,631,7,15,10,40,88,358,55,95,0.0,9.93
E01000002,2023,7,3,7,102,37,32,3,9,2,0,0,28,26,4,2,37,13,734,0,42,302,6,86,631,7,15,10,40,88,358,55,95,0.0,15.8
E01000002,2023,8,2,7,102,37,32,3,9,2,0,0,28,26,4,2,37,13,734,0,42,302,6,86,631,7,15,10,40,88,358,55,95,0.0,14.4
E01000002,2023,9,2,7,102,37,32,3,9,2,0,0,28,26,4,2,37,13,734,0,42,302,6,86,631,7,15,10,40,88,358,55,95,0.0,12.43
E01000002,2023,10,5,7,102,37,32,3,9,2,0,0,28,26,4,2,37,13,734,0,42,302,6,86,631,7,15,10,40,88,358,55,95,0.0,10.5
E01000002,2023,12,1,7,102,37,32,3,9,2,0,0,28,26,4,2,37,13,734,0,42,302,6,86,631,7,15,10,40,88,358,55,95,0.0,7.93
E01000002,2024,1,2,7,102,37,32,3,9,2,0,0,28,26,4,2,37,13,734,0,42,302,6,86,631,7,15,10,40,88,358,55,95,0.0,8.07
E01000002,2024,4,1,7,102,37,32,3,9,2,0,0,28,26,4,2,37,13,734,0,42,302,6,86,631,7,15,10,40,88,358,55,95,0.0,13.93
E01000002,2024,5,2,7,102,37,32,3,9,2,0,0,28,26,4,2,37,13,734,0,42,302,6,86,631,7,15,10,40,88,358,55,95,0.0,15.87
E01000002,2024,6,4,7,102,37,32,3,9,2,0,0,28,26,4,2,37,13,734,0,42,302,6,86,631,7,15,10,40,88,358,55,95,0.0,16.37
E01000002,2024,8,1,7,102,37,32,3,9,2,0,0,28,26,4,2,37,13,734,0,42,302,6,86,631,7,15,10,40,88,358,55,95,0.0,14.4
E01000002,2024,10,1,7,102,37,32,3,9,2,0,0,28,26,4,2,37,13,734,0,42,302,6,86,631,7,15,10,40,88,358,55,95,0.0,10.5
E01000003,2017,11,1,11,52,37,50,3,34,15,7,0,44,36,14,7,89,18,815,0,33,343,4,110,506,32,70,70,72,68,427,133,128,0.0,8.4
E01000003,2017,12,1,11,52,37,50,3,34,15,7,0,44,36,14,7,89,18,815,0,33,343,4,110,506,32,70,70,72,68,427,133,128,0.0,7.93
E01000003,2021,10,1,11,52,37,50,3,34,15,7,0,44,36,14,7,89,18,815,0,33,343,4,110,506,32,70,70,72,68,427,133,128,0.0,10.5
E01000003,2021,12,1,11,52,37,50,3,34,15,7,0,44,36,14,7,89,18,815,0,33,343,4,110,506,32,70,70,72,68,427,133,128,0.0,7.93
E01000003,2022,4,1,11,52,37,50,3,34,15,7,0,44,36,14,7,89,18,815,0,33,343,4,110,506,32,70,70,72,68,427,133,128,0.0,13.93
E01000003,2022,5,2,11,52,37,50,3,34,15,7,0,44,36,14,7,89,18,815,0,33,343,4,110,506,32,70,70,72,68,427,133,128,0.0,15.87
E01000003,2022,9,1,11,52,37,50,3,34,15,7,0,44,36,14,7,89,18,815,0,33,343,4,110,506,32,70,70,72,68,427,133,128,0.0,12.43
E01000003,2022,12,1,11,52,37,50,3,34,15,7,0,44,36,14,7,89,18,815,0,33,343,4,110,506,32,70,70,72,68,427,133,128,0.0,7.93
E01000003,2023,4,1,11,52,37,50,3,34,15,7,0,44,36,14,7,89,18,815,0,33,343,4,110,506,32,70,70,72,68,427,133,128,0.0,13.93
E01000003,2023,6,2,11,52,37,50,3,34,15,7,0,44,36,14,7,89,18,815,0,33,343,4,110,506,32,70,70,72,68,427,133,128,0.0,16.37
E01000003,2023,8,1,11,52,37,50,3,34,15,7,0,44,36,14,7,89,18,815,0,33,343,4,110,506,32,70,70,72,68,427,133,128,0.0,14.4
E01000003,2023,9,5,11,52,37,50,3,34,15,7,0,44,36,14,7,89,18,815,0,33,343,4,110,506,32,70,70,72,68,427,133,128,0.0,12.43
E01000003,2023,11,1,11,52,37,50,3,34,15,7,0,44,36,14,7,89,18,815,0,33,343,4,110,506,32,70,70,72,68,427,133,128,0.0,8.4
E01000003,2023,12,1,11,52,37,50,3,34,15,7,0,44,36,14,7,89,18,815,0,33,343,4,110,506,32,70,70,72,68,427,133,128,0.0,7.93
E01000003,2024,2,1,11,52,37,50,3,34,15,7,0,44,36,14,7,89,18,815,0,33,343,4,110,506,32,70,70,72,68,427,133,128,0.0,9.93
E01000003,2024,3,2,11,52,37,50,3,34,15,7,0,44,36,14,7,89,18,815,0,33,343,4,110,506,32,70,70,72,68,427,133,128,0.0,11.93
E01000003,2024,4,1,11,52,37,50,3,34,15,7,0,44,36,14,7,89,18,815,0,33,343,4,110,506,32,70,70,72,68,427,133,128,0.0,13.93
E01000003,2024,5,6,11,52,37,50,3,34,15,7,0,44,36,14,7,89,18,815,0,33,343,4,110,506,32,70,70,72,68,427,133,128,0.0,15.87
E01000003,2024,11,1,11,52,37,50,3,34,15,7,0,44,36,14,7,89,18,815,0,33,343,4,110,506,32,70,70,72,68,427,133,128,0.0,8.4
E01000005,2016,5,1,263,35,24,31,1,77,27,15,0,32,16,11,20,101,24,255,0,17,148,4,139,144,42,102,103,151,163,140,60,57,0.0,15.87
E01000005,2016,6,1,263,35,24,31,1,77,27,15,0,32,16,11,20,101,24,255,0,17,148,4,139,144,42,102,103,151,163,140,60,57,0.0,16.37
E01000005,2016,7,4,263,35,24,31,1,77,27,15,0,32,16,11,20,101,24,255,0,17,148,4,139,144,42,102,103,151,163,140,60,57,0.0,15.8
E01000005,2016,8,1,263,35,24,31,1,77,27,15,0,32,16,11,20,101,24,255,0,17,148,4,139,144,42,102,103,151,163,140,60,57,0.0,14.4
E01000005,2016,9,4,263,35,24,31,1,77,27,15,0,32,16,11,20,101,24,255,0,17,148,4,139,144,42,102,103,151,163,140,60,57,0.0,12.43
E01000005,2016,10,7,263,35,24,31,1,77,27,15,0,32,16,11,20,101,24,255,0,17,148,4,139,144,42,102,103,151,163,140,60,57,0.0,10.5
E01000005,2016,11,2,263,35,24,31,1,77,27,15,0,32,16,11,20,101,24,255,0,17,148,4,139,144,42,102,103,151,163,140,60,57,0.0,8.4
E01000005,2016,12,6,263,35,24,31,1,77,27,15,0,32,16,11,20,101,24,255,0,17,148,4,139,144,42,102,103,151,163,140,60,57,0.0,7.93
E01000005,2017,1,3,263,35,24,31,1,77,27,15,0,32,16,11,20,101,24,255,0,17,148,4,139,144,42,102,103,151,163,140,60,57,0.0,8.07
E01000005,2017,2,1,263,35,24,31,1,77,27,15,0,32,16,11,20,101,24,255,0,17,148,4,139,144,42,102,103,151,163,140,60,57,0.0,9.93
E01000005,2017,3,2,263,35,24,31,1,77,27,15,0,32,16,11,20,101,24,255,0,17,148,4,139,144,42,102,103,151,163,140,60,57,0.0,11.93
E01000005,2017,4,1,263,35,24,31,1,77,27,15,0,32,16,11,20,101,24,255,0,17,148,4,139,144,42,102,103,151,163,140,60,57,0.0,13.93
E01000005,2017,7,6,263,35,24,31,1,77,27,15,0,32,16,11,20,101,24,255,0,17,148,4,139,144,42,102,103,151,163,140,60,57,0.0,15.8
E01000005,2017,8,1,263,35,24,31,1,77,27,15,0,32,16,11,20,101,24,255,0,17,148,4,139,144,42,102,103,151,163,140,60,57,0.0,14.4
E01000005,2017,9,2,263,35,24,31,1,77,27,15,0,32,16,11,20,101,24,255,0,17,148,4,139,144,42,102,103,151,163,140,60,57,0.0,12.43
E01000005,2017,11,2,263,35,24,31,1,77,27,15,0,32,16,11,20,101,24,255,0,17,148,4,139,144,42,102,103,151,163,140,60,57,0.0,8.4
E01000005,2018,1,2,263,35,24,31,1,77,27,15,0,32,16,11,20,101,24,255,0,17,148,4,139,144,42,102,103,151,163,140,60,57,0.0,8.07
E01000005,2018,2,4,263,35,24,31,1,77,27,15,0,32,16,11,20,101,24,255,0,17,148,4,139,144,42,102,103,151,163,140,60,57,0.0,9.93
E01000005,2018,3,5,263,35,24,31,1,77,27,15,0,32,16,11,20,101,24,255,0,17,148,4,139,144,42,102,103,151,163,140,60,57,0.0,11.93
E01000005,2018,4,1,263,35,24,31,1,77,27,15,0,32,16,11,20,101,24,255,0,17,148,4,139,144,42,102,103,151,163,140,60,57,0.0,13.93
E01000005,2018,5,1,263,35,24,31,1,77,27,15,0,32,16,11,20,101,24,255,0,17,148,4,139,144,42,102,103,151,163,140,60,57,0.0,15.87
E01000005,2018,6,4,263,35,24,31,1,77,27,15,0,32,16,11,20,101,24,255,0,17,148,4,139,144,42,102,103,151,163,140,60,57,0.0,16.37
E01000005,2018,7,1,263,35,24,31,1,77,27,15,0,32,16,11,20,101,24,255,0,17,148,4,139,144,42,102,103,151,163,140,60,57,0.0,15.8
E01000005,2018,8,1,263,35,24,31,1,77,27,15,0,32,16,11,20,101,24,255,0,17,148,4,139,144,42,102,103,151,163,140,60,57,0.0,14.4
E01000005,2018,10,1,263,35,24,31,1,77,27,15,0,32,16,11,20,101,24,255,0,17,148,4,139,144,42,102,103,151,163,140,60,57,0.0,10.5
E01000005,2018,11,1,263,35,24,31,1,77,27,15,0,32,16,11,20,101,24,255,0,17,148,4,139,144,42,102,103,151,163,140,60,57,0.0,8.4
E01000005,2018,12,1,263,35,24,31,1,77,27,15,0,32,16,11,20,101,24,255,0,17,148,4,139,144,42,102,103,151,163,140,60,57,0.0,7.93
E01000005,2019,1,1,263,35,24,31,1,77,27,15,0,32,16,11,20,101,24,255,0,17,148,4,139,144,42,102,103,151,163,140,60,57,0.0,8.07
E01000005,2019,2,3,263,35,24,31,1,77,27,15,0,32,16,11,20,101,24,255,0,17,148,4,139,144,42,102,103,151,163,140,60,57,0.0,9.93
E01000005,2019,3,2,263,35,24,31,1,77,27,15,0,32,16,11,20,101,24,255,0,17,148,4,139,144,42,102,103,151,163,140,60,57,0.0,11.93
E01000005,2019,4,3,263,35,24,31,1,77,27,15,0,32,16,11,20,101,24,255,0,17,148,4,139,144,42,102,103,151,163,140,60,57,0.0,13.93
E01000005,2019,5,2,263,35,24,31,1,77,27,15,0,32,16,11,20,101,24,255,0,17,148,4,139,144,42,102,103,151,163,140,60,57,0.0,15.87
E01000005,2019,6,4,263,35,24,31,1,77,27,15,0,32,16,11,20,101,24,255,0,17,148,4,139,144,42,102,103,151,163,140,60,57,0.0,16.37
E01000005,2019,7,3,263,35,24,31,1,77,27,15,0,32,16,11,20,101,24,255,0,17,148,4,139,144,42,102,103,151,163,140,60,57,0.0,15.8
E01000005,2019,8,1,263,35,24,31,1,77,27,15,0,32,16,11,20,101,24,255,0,17,148,4,139,144,42,102,103,151,163,140,60,57,0.0,14.4
E01000005,2019,9,1,263,35,24,31,1,77,27,15,0,32,16,11,20,101,24,255,0,17,148,4,139,144,42,102,103,151,163,140,60,57,0.0,12.43
E01000005,2019,10,1,263,35,24,31,1,77,27,15,0,32,16,11,20,101,24,255,0,17,148,4,139,144,42,102,103,151,163,140,60,57,0.0,10.5
E01000005,2019,11,3,263,35,24,31,1,77,27,15,0,32,16,11,20,101,24,255,0,17,148,4,139,144,42,102,103,151,163,140,60,57,0.0,8.4
E01000005,2019,12,1,263,35,24,31,1,77,27,15,0,32,16,11,20,101,24,255,0,17,148,4,139,144,42,102,103,151,163,140,60,57,0.0,7.93
E01000005,2020,1,2,263,35,24,31,1,77,27,15,0,32,16,11,20,101,24,255,0,17,148,4,139,144,42,102,103,151,163,140,60,57,0.0,8.07
E01000005,2020,3,3,263,35,24,31,1,77,27,15,0,32,16,11,20,101,24,255,0,17,148,4,139,144,42,102,103,151,163,140,60,57,0.0,11.93
E01000005,2020,4,9,263,35,24,31,1,77,27,15,0,32,16,11,20,101,24,255,0,17,148,4,139,144,42,102,103,151,163,140,60,57,0.0,13.93
E01000005,2020,5,2,263,35,24,31,1,77,27,15,0,32,16,11,20,101,24,255,0,17,148,4,139,144,42,102,103,151,163,140,60,57,0.0,15.87
E01000005,2020,7,1,263,35,24,31,1,77,27,15,0,32,16,11,20,101,24,255,0,17,148,4,139,144,42,102,103,151,163,140,60,57,0.0,15.8
E01000005,2020,9,2,263,35,24,31,1,77,27,15,0,32,16,11,20,101,24,255,0,17,148,4,139,144,42,102,103,151,163,140,60,57,0.0,12.43
E01000005,2020,12,5,263,35,24,31,1,77,27,15,0,32,16,11,20,101,24,255,0,17,148,4,139,144,42,102,103,151,163,140,60,57,0.0,7.93
E01000005,2021,1,1,263,35,24,31,1,77,27,15,0,32,16,11,20,101,24,255,0,17,148,4,139,144,42,102,103,151,163,140,60,57,0.0,8.07
E01000005,2021,4,1,263,35,24,31,1,77,27,15,0,32,16,11,20,101,24,255,0,17,148,4,139,144,42,102,103,151,163,140,60,57,0.0,13.93
E01000005,2021,5,1,263,35,24,31,1,77,27,15,0,32,16,11,20,101,24,255,0,17,148,4,139,144,42,102,103,151,163,140,60,57,0.0,15.87
E01000005,2021,6,2,263,35,24,31,1,77,27,15,0,32,16,11,20,101,24,255,0,17,148,4,139,144,42,102,103,151,163,140,60,57,0.0,16.37
E01000005,2021,7,2,263,35,24,31,1,77,27,15,0,32,16,11,20,101,24,255,0,17,148,4,139,144,42,102,103,151,163,140,60,57,0.0,15.8
E01000005,2021,8,3,263,35,24,31,1,77,27,15,0,32,16,11,20,101,24,255,0,17,148,4,139,144,42,102,103,151,163,140,60,57,0.0,14.4
E01000005,2021,9,3,263,35,24,31,1,77,27,15,0,32,16,11,20,101,24,255,0,17,148,4,139,144,42,102,103,151,163,140,60,57,0.0,12.43
E01000005,2021,10,3,263,35,24,31,1,77,27,15,0,32,16,11,20,101,24,255,0,17,148,4,139,144,42,102,103,151,163,140,60,57,0.0,10.5
E01000005,2021,11,4,263,35,24,31,1,77,27,15,0,32,16,11,20,101,24,255,0,17,148,4,139,144,42,102,103,151,163,140,60,57,0.0,8.4
E01000005,2021,12,1,263,35,24,31,1,77,27,15,0,32,16,11,20,101,24,255,0,17,148,4,139,144,42,102,103,151,163,140,60,57,0.0,7.93
E01000005,2022,1,3,263,35,24,31,1,77,27,15,0,32,16,11,20,101,24,255,0,17,148,4,139,144,42,102,103,151,163,140,60,57,0.0,8.07
E01000005,2022,2,8,263,35,24,31,1,77,27,15,0,32,16,11,20,101,24,255,0,17,148,4,139,144,42,102,103,151,163,140,60,57,0.0,9.93
E01000005,2022,3,1,263,35,24,31,1,77,27,15,0,32,16,11,20,101,24,255,0,17,148,4,139,144,42,102,103,151,163,140,60,57,0.0,11.93
E01000005,2022,4,5,263,35,24,31,1,77,27,15,0,32,16,11,20,101,24,255,0,17,148,4,139,144,42,102,103,151,163,140,60,57,0.0,13.93
E01000005,2022,5,8,263,35,24,31,1,77,27,15,0,32,16,11,20,101,24,255,0,17,148,4,139,144,42,102,103,151,163,140,60,57,0.0,15.87
E01000005,2022,6,3,263,35,24,31,1,77,27,15,0,32,16,11,20,101,24,255,0,17,148,4,139,144,42,102,103,151,163,140,60,57,0.0,16.37
E01000005,2022,7,3,263,35,24,31,1,77,27,15,0,32,16,11,20,101,24,255,0,17,148,4,139,144,42,102,103,151,163,140,60,57,0.0,15.8
E01000005,2022,8,1,263,35,24,31,1,77,27,15,0,32,16,11,20,101,24,255,0,17,148,4,139,144,42,102,103,151,163,140,60,57,0.0,14.4
E01000005,2022,9,2,263,35,24,31,1,77,27,15,0,32,16,11,20,101,24,255,0,17,148,4,139,144,42,102,103,151,163,140,60,57,0.0,12.43
E01000005,2022,10,3,263,35,24,31,1,77,27,15,0,32,16,11,20,101,24,255,0,17,148,4,139,144,42,102,103,151,163,140,60,57,0.0,10.5
E01000005,2022,11,1,263,35,24,31,1,77,27,15,0,32,16,11,20,101,24,255,0,17,148,4,139,144,42,102,103,151,163,140,60,57,0.0,8.4
E01000005,2022,12,3,263,35,24,31,1,77,27,15,0,32,16,11,20,101,24,255,0,17,148,4,139,144,42,102,103,151,163,140,60,57,0.0,7.93
E01000005,2023,1,2,263,35,24,31,1,77,27,15,0,32,16,11,20,101,24,255,0,17,148,4,139,144,42,102,103,151,163,140,60,57,0.0,8.07
E01000005,2023,2,2,263,35,24,31,1,77,27,15,0,32,16,11,20,101,24,255,0,17,148,4,139,144,42,102,103,151,163,140,60,57,0.0,9.93
E01000005,2023,3,1,263,35,24,31,1,77,27,15,0,32,16,11,20,101,24,255,0,17,148,4,139,144,42,102,103,151,163,140,60,57,0.0,11.93
E01000005,2023,4,6,263,35,24,31,1,77,27,15,0,32,16,11,20,101,24,255,0,17,148,4,139,144,42,102,103,151,163,140,60,57,0.0,13.93
E01000005,2023,6,3,263,35,24,31,1,77,27,15,0,32,16,11,20,101,24,255,0,17,148,4,139,144,42,102,103,151,163,140,60,57,0.0,16.37
E01000005,2023,7,5,263,35,24,31,1,77,27,15,0,32,16,11,20,101,24,255,0,17,148,4,139,144,42,102,103,151,163,140,60,57,0.0,15.8
E01000005,2023,8,1,263,35,24,31,1,77,27,15,0,32,16,11,20,101,24,255,0,17,148,4,139,144,42,102,103,151,163,140,60,57,0.0,14.4
E01000005,2023,9,2,263,35,24,31,1,77,27,15,0,32,16,11,20,101,24,255,0,17,148,4,139,144,42,102,103,151,163,140,60,57,0.0,12.43
E01000005,2023,10,3,263,35,24,31,1,77,27,15,0,32,16,11,20,101,24,255,0,17,148,4,139,144,42,102,103,151,163,140,60,57,0.0,10.5
E01000005,2023,11,6,263,35,24,31,1,77,27,15,0,32,16,11,20,101,24,255,0,17,148,4,139,144,42,102,103,151,163,140,60,57,0.0,8.4
E01000005,2023,12,4,263,35,24,31,1,77,27,15,0,32,16,11,20,101,24,255,0,17,148,4,139,144,42,102,103,151,163,140,60,57,0.0,7.93
E01000005,2024,1,4,263,35,24,31,1,77,27,15,0,32,16,11,20,101,24,255,0,17,148,4,139,144,42,102,103,151,163,140,60,57,0.0,8.07
E01000005,2024,2,2,263,35,24,31,1,77,27,15,0,32,16,11,20,101,24,255,0,17,148,4,139,144,42,102,103,151,163,140,60,57,0.0,9.93
E01000005,2024,3,6,263,35,24,31,1,77,27,15,0,32,16,11,20,101,24,255,0,17,148,4,139,144,42,102,103,151,163,140,60,57,0.0,11.93
E01000005,2024,4,2,263,35,24,31,1,77,27,15,0,32,16,11,20,101,24,255,0,17,148,4,139,144,42,102,103,151,163,140,60,57,0.0,13.93
E01000005,2024,5,2,263,35,24,31,1,77,27,15,0,32,16,11,20,101,24,255,0,17,148,4,139,144,42,102,103,151,163,140,60,57,0.0,15.87
E01000005,2024,6,1,263,35,24,31,1,77,27,15,0,32,16,11,20,101,24,255,0,17,148,4,139,144,42,102,103,151,163,140,60,57,0.0,16.37
E01000005,2024,7,4,263,35,24,31,1,77,27,15,0,32,16,11,20,101,24,255,0,17,148,4,139,144,42,102,103,151,163,140,60,57,0.0,15.8
E01000005,2024,8,3,263,35,24,31,1,77,27,15,0,32,16,11,20,101,24,255,0,17,148,4,139,144,42,102,103,151,163,140,60,57,0.0,14.4
E01000005,2024,9,3,263,35,24,31,1,77,27,15,0,32,16,11,20,101,24,255,0,17,148,4,139,144,42,102,103,151,163,140,60,57,0.0,12.43
E01000005,2024,10,1,263,35,24,31,1,77,27,15,0,32,16,11,20,101,24,255,0,17,148,4,139,144,42,102,103,151,163,140,60,57,0.0,10.5
E01000005,2024,11,5,263,35,24,31,1,77,27,15,0,32,16,11,20,101,24,255,0,17,148,4,139,144,42,102,103,151,163,140,60,57,0.0,8.4
E01000005,2024,12,1,263,35,24,31,1,77,27,15,0,32,16,11,20,101,24,255,0,17,148,4,139,144,42,102,103,151,163,140,60,57,0.0,7.93
E01000005,2025,2,3,263,35,24,31,1,77,27,15,0,32,16,11,20,101,24,255,0,17,148,4,139,144,42,102,103,151,163,140,60,57,0.0,9.93
E01000914,2016,11,1,64,129,43,48,10,82,10,16,0,37,27,17,6,54,32,486,0,16,334,4,111,331,23,59,66,88,323,223,81,115,2.0,8.4
E01000914,2016,12,1,64,129,43,48,10,82,10,16,0,37,27,17,6,54,32,486,0,16,334,4,111,331,23,59,66,88,323,223,81,115,2.0,7.93
E01000914,2017,1,1,64,129,43,48,10,82,10,16,0,37,27,17,6,54,32,486,0,16,334,4,111,331,23,59,66,88,323,223,81,115,2.0,8.07
E01000914,2018,1,1,64,129,43,48,10,82,10,16,0,37,27,17,6,54,32,486,0,16,334,4,111,331,23,59,66,88,323,223,81,115,2.0,8.07
E01000914,2018,5,1,64,129,43,48,10,82,10,16,0,37,27,17,6,54,32,486,0,16,334,4,111,331,23,59,66,88,323,223,81,115,2.0,15.87
E01000914,2019,3,1,64,129,43,48,10,82,10,16,0,37,27,17,6,54,32,486,0,16,334,4,111,331,23,59,66,88,323,223,81,115,2.0,11.93
E01000914,2019,5,1,64,129,43,48,10,82,10,16,0,37,27,17,6,54,32,486,0,16,334,4,111,331,23,59,66,88,323,223,81,115,2.0,15.87
E01000914,2019,9,1,64,129,43,48,10,82,10,16,0,37,27,17,6,54,32,486,0,16,334,4,111,331,23,59,66,88,323,223,81,115,2.0,12.43
E01000914,2021,3,1,64,129,43,48,10,82,10,16,0,37,27,17,6,54,32,486,0,16,334,4,111,331,23,59,66,88,323,223,81,115,2.0,11.93
E01000914,2022,2,1,64,129,43,48,10,82,10,16,0,37,27,17,6,54,32,486,0,16,334,4,111,331,23,59,66,88,323,223,81,115,2.0,9.93
E01000914,2025,2,1,64,129,43,48,10,82,10,16,0,37,27,17,6,54,32,486,0,16,334,4,111,331,23,59,66,88,323,223,81,115,2.0,9.93
E01000916,2022,1,1,181,118,39,62,11,157,27,20,0,39,39,24,28,66,28,538,2,41,420,14,188,420,34,121,88,157,277,320,126,121,0.0,8.07
E01000917,2023,3,1,312,37,32,55,16,174,25,39,0,39,25,20,27,98,24,444,0,41,242,5,292,175,42,143,133,257,157,229,102,122,1.0,11.93
E01002704,2017,5,1,44,94,76,70,7,277,61,42,0,61,36,30,40,178,45,776,0,54,462,3,332,519,64,121,138,198,336,342,150,156,2.0,15.87
E01002704,2018,5,1,44,94,76,70,7,277,61,42,0,61,36,30,40,178,45,776,0,54,462,3,332,519,64,121,138,198,336,342,150,156,2.0,15.87
E01002704,2018,7,1,44,94,76,70,7,277,61,42,0,61,36,30,40,178,45,776,0,54,462,3,332,519,64,121,138,198,336,342,150,156,2.0,15.8
E01002704,2019,11,1,44,94,76,70,7,277,61,42,0,61,36,30,40,178,45,776,0,54,462,3,332,519,64,121,138,198,336,342,150,156,2.0,8.4
E01002704,2021,9,1,44,94,76,70,7,277,61,42,0,61,36,30,40,178,45,776,0,54,462,3,332,519,64,121,138,198,336,342,150,156,2.0,12.43
E01002706,2019,4,1,46,78,27,62,5,187,39,30,0,46,43,15,33,105,39,875,0,42,354,11,346,346,54,133,132,168,252,325,141,142,0.0,13.93
E01004212,2018,10,1,789,154,47,46,33,64,16,20,0,44,33,7,12,68,24,493,0,39,324,18,379,366,66,141,94,216,418,304,117,125,0.0,10.5
E01004287,2024,7,1,1186,32,43,60,33,81,32,17,0,32,23,10,10,45,28,381,2,19,208,12,518,178,95,164,165,381,206,256,154,137,0.0,15.8
E01004293,2017,9,1,170,67,67,42,7,13,19,3,0,32,34,10,14,62,14,887,2,50,479,15,191,718,52,76,65,124,82,454,116,109,1.0,12.43
E01004293,2018,12,1,170,67,67,42,7,13,19,3,0,32,34,10,14,62,14,887,2,50,479,15,191,718,52,76,65,124,82,454,116,109,1.0,7.93
E01004293,2022,3,1,170,67,67,42,7,13,19,3,0,32,34,10,14,62,14,887,2,50,479,15,191,718,52,76,65,124,82,454,116,109,1.0,11.93
E01004307,2017,3,1,217,141,185,84,19,56,16,12,0,64,46,14,12,87,46,555,6,46,712,17,130,705,38,69,50,98,679,357,86,124,0.0,11.93
E01004307,2018,2,1,217,141,185,84,19,56,16,12,0,64,46,14,12,87,46,555,6,46,712,17,130,705,38,69,50,98,679,357,86,124,0.0,9.93
E01004307,2019,5,1,217,141,185,84,19,56,16,12,0,64,46,14,12,87,46,555,6,46,712,17,130,705,38,69,50,98,679,357,86,124,0.0,15.87
E01004307,2022,2,1,217,141,185,84,19,56,16,12,0,64,46,14,12,87,46,555,6,46,712,17,130,705,38,69,50,98,679,357,86,124,0.0,9.93
E01004307,2023,10,1,217,141,185,84,19,56,16,12,0,64,46,14,12,87,46,555,6,46,712,17,130,705,38,69,50,98,679,357,86,124,0.0,10.5
E01004307,2023,12,1,217,141,185,84,19,56,16,12,0,64,46,14,12,87,46,555,6,46,712,17,130,705,38,69,50,98,679,357,86,124,0.0,7.93
E01004310,2019,8,1,884,87,33,51,20,75,13,16,0,17,31,6,12,32,20,274,0,19,420,12,286,350,56,145,93,290,250,320,131,98,1.0,14.4
E01004310,2022,6,1,884,87,33,51,20,75,13,16,0,17,31,6,12,32,20,274,0,19,420,12,286,350,56,145,93,290,250,320,131,98,1.0,16.37
E01004436,2019,12,1,28,10,183,42,192,72,67,35,0,39,15,11,29,49,15,460,0,54,222,7,250,238,42,104,95,157,98,299,100,146,0.0,7.93
E01004735,2018,4,1,40,259,62,96,10,90,32,8,0,58,37,24,24,65,45,652,0,44,469,8,210,427,46,80,87,159,394,350,127,147,1.0,13.93
E01004735,2020,1,1,40,259,62,96,10,90,32,8,0,58,37,24,24,65,45,652,0,44,469,8,210,427,46,80,87,159,394,350,127,147,1.0,8.07
E01004735,2020,2,1,40,259,62,96,10,90,32,8,0,58,37,24,24,65,45,652,0,44,469,8,210,427,46,80,87,159,394,350,127,147,1.0,9.93
E01004735,2023,8,1,40,259,62,96,10,90,32,8,0,58,37,24,24,65,45,652,0,44,469,8,210,427,46,80,87,159,394,350,127,147,1.0,14.4
E01032739,2016,5,13,4,121,126,55,13,14,3,1,0,48,38,8,15,53,23,564,0,28,484,22,73,669,26,47,23,96,171,353,71,90,0.0,15.87
E01032739,2016,6,7,4,121,126,55,13,14,3,1,0,48,38,8,15,53,23,564,0,28,484,22,73,669,26,47,23,96,171,353,71,90,0.0,16.37
E01032739,2016,7,11,4,121,126,55,13,14,3,1,0,48,38,8,15,53,23,564,0,28,484,22,73,669,26,47,23,96,171,353,71,90,0.0,15.8
E01032739,2016,8,11,4,121,126,55,13,14,3,1,0,48,38,8,15,53,23,564,0,28,484,22,73,669,26,47,23,96,171,353,71,90,0.0,14.4
E01032739,2016,9,15,4,121,126,55,13,14,3,1,0,48,38,8,15,53,23,564,0,28,484,22,73,669,26,47,23,96,171,353,71,90,0.0,12.43
E01032739,2016,10,15,4,121,126,55,13,14,3,1,0,48,38,8,15,53,23,564,0,28,484,22,73,669,26,47,23,96,171,353,71,90,0.0,10.5
E01032739,2016,11,10,4,121,126,55,13,14,3,1,0,48,38,8,15,53,23,564,0,28,484,22,73,669,26,47,23,96,171,353,71,90,0.0,8.4
E01032739,2016,12,15,4,121,126,55,13,14,3,1,0,48,38,8,15,53,23,564,0,28,484,22,73,669,26,47,23,96,171,353,71,90,0.0,7.93
E01032739,2017,1,13,4,121,126,55,13,14,3,1,0,48,38,8,15,53,23,564,0,28,484,22,73,669,26,47,23,96,171,353,71,90,0.0,8.07
E01032739,2017,2,11,4,121,126,55,13,14,3,1,0,48,38,8,15,53,23,564,0,28,484,22,73,669,26,47,23,96,171,353,71,90,0.0,9.93
E01032739,2017,3,8,4,121,126,55,13,14,3,1,0,48,38,8,15,53,23,564,0,28,484,22,73,669,26,47,23,96,171,353,71,90,0.0,11.93
E01032739,2017,4,9,4,121,126,55,13,14,3,1,0,48,38,8,15,53,23,564,0,28,484,22,73,669,26,47,23,96,171,353,71,90,0.0,13.93
E01032739,2017,5,16,4,121,126,55,13,14,3,1,0,48,38,8,15,53,23,564,0,28,484,22,73,669,26,47,23,96,171,353,71,90,0.0,15.87
E01032739,2017,6,5,4,121,126,55,13,14,3,1,0,48,38,8,15,53,23,564,0,28,484,22,73,669,26,47,23,96,171,353,71,90,0.0,16.37
E01032739,2017,7,6,4,121,126,55,13,14,3,1,0,48,38,8,15,53,23,564,0,28,484,22,73,669,26,47,23,96,171,353,71,90,0.0,15.8
E01032739,2017,8,15,4,121,126,55,13,14,3,1,0,48,38,8,15,53,23,564,0,28,484,22,73,669,26,47,23,96,171,353,71,90,0.0,14.4
E01032739,2017,9,15,4,121,126,55,13,14,3,1,0,48,38,8,15,53,23,564,0,28,484,22,73,669,26,47,23,96,171,353,71,90,0.0,12.43
E01032739,2017,10,17,4,121,126,55,13,14,3,1,0,48,38,8,15,53,23,564,0,28,484,22,73,669,26,47,23,96,171,353,71,90,0.0,10.5
E01032739,2017,11,22,4,121,126,55,13,14,3,1,0,48,38,8,15,53,23,564,0,28,484,22,73,669,26,47,23,96,171,353,71,90,0.0,8.4
E01032739,2017,12,14,4,121,126,55,13,14,3,1,0,48,38,8,15,53,23,564,0,28,484,22,73,669,26,47,23,96,171,353,71,90,0.0,7.93
E01032739,2018,1,12,4,121,126,55,13,14,3,1,0,48,38,8,15,53,23,564,0,28,484,22,73,669,26,47,23,96,171,353,71,90,0.0,8.07
E01032739,2018,2,10,4,121,126,55,13,14,3,1,0,48,38,8,15,53,23,564,0,28,484,22,73,669,26,47,23,96,171,353,71,90,0.0,9.93
E01032739,2018,3,20,4,121,126,55,13,14,3,1,0,48,38,8,15,53,23,564,0,28,484,22,73,669,26,47,23,96,171,353,71,90,0.0,11.93
E01032739,2018,4,19,4,121,126,55,13,14,3,1,0,48,38,8,15,53,23,564,0,28,484,22,73,669,26,47,23,96,171,353,71,90,0.0,13.93
E01032739,2018,5,15,4,121,126,55,13,14,3,1,0,48,38,8,15,53,23,564,0,28,484,22,73,669,26,47,23,96,171,353,71,90,0.0,15.87
E01032739,2018,6,27,4,121,126,55,13,14,3,1,0,48,38,8,15,53,23,564,0,28,484,22,73,669,26,47,23,96,171,353,71,90,0.0,16.37
E01032739,2018,7,12,4,121,126,55,13,14,3,1,0,48,38,8,15,53,23,564,0,28,484,22,73,669,26,47,23,96,171,353,71,90,0.0,15.8
E01032739,2018,8,21,4,121,126,55,13,14,3,1,0,48,38,8,15,53,23,564,0,28,484,22,73,669,26,47,23,96,171,353,71,90,0.0,14.4
E01032739,2018,9,7,4,121,126,55,13,14,3,1,0,48,38,8,15,53,23,564,0,28,484,22,73,669,26,47,23,96,171,353,71,90,0.0,12.43
E01032739,2018,10,9,4,121,126,55,13,14,3,1,0,48,38,8,15,53,23,564,0,28,484,22,73,669,26,47,23,96,171,353,71,90,0.0,10.5
E01032739,2018,11,11,4,121,126,55,13,14,3,1,0,48,38,8,15,53,23,564,0,28,484,22,73,669,26,47,23,96,171,353,71,90,0.0,8.4
E01032739,2018,12,24,4,121,126,55,13,14,3,1,0,48,38,8,15,53,23,564,0,28,484,22,73,669,26,47,23,96,171,353,71,90,0.0,7.93
E01032739,2019,1,14,4,121,126,55,13,14,3,1,0,48,38,8,15,53,23,564,0,28,484,22,73,669,26,47,23,96,171,353,71,90,0.0,8.07
E01032739,2019,2,19,4,121,126,55,13,14,3,1,0,48,38,8,15,53,23,564,0,28,484,22,73,669,26,47,23,96,171,353,71,90,0.0,9.93
E01032739,2019,3,18,4,121,126,55,13,14,3,1,0,48,38,8,15,53,23,564,0,28,484,22,73,669,26,47,23,96,171,353,71,90,0.0,11.93
E01032739,2019,4,19,4,121,126,55,13,14,3,1,0,48,38,8,15,53,23,564,0,28,484,22,73,669,26,47,23,96,171,353,71,90,0.0,13.93
E01032739,2019,5,20,4,121,126,55,13,14,3,1,0,48,38,8,15,53,23,564,0,28,484,22,73,669,26,47,23,96,171,353,71,90,0.0,15.87
E01032739,2019,6,18,4,121,126,55,13,14,3,1,0,48,38,8,15,53,23,564,0,28,484,22,73,669,26,47,23,96,171,353,71,90,0.0,16.37
E01032739,2019,7,15,4,121,126,55,13,14,3,1,0,48,38,8,15,53,23,564,0,28,484,22,73,669,26,47,23,96,171,353,71,90,0.0,15.8
E01032739,2019,8,20,4,121,126,55,13,14,3,1,0,48,38,8,15,53,23,564,0,28,484,22,73,669,26,47,23,96,171,353,71,90,0.0,14.4
E01032739,2019,9,15,4,121,126,55,13,14,3,1,0,48,38,8,15,53,23,564,0,28,484,22,73,669,26,47,23,96,171,353,71,90,0.0,12.43
E01032739,2019,10,12,4,121,126,55,13,14,3,1,0,48,38,8,15,53,23,564,0,28,484,22,73,669,26,47,23,96,171,353,71,90,0.0,10.5
E01032739,2019,11,15,4,121,126,55,13,14,3,1,0,48,38,8,15,53,23,564,0,28,484,22,73,669,26,47,23,96,171,353,71,90,0.0,8.4
E01032739,2019,12,20,4,121,126,55,13,14,3,1,0,48,38,8,15,53,23,564,0,28,484,22,73,669,26,47,23,96,171,353,71,90,0.0,7.93
E01032739,2020,1,20,4,121,126,55,13,14,3,1,0,48,38,8,15,53,23,564,0,28,484,22,73,669,26,47,23,96,171,353,71,90,0.0,8.07
E01032739,2020,2,10,4,121,126,55,13,14,3,1,0,48,38,8,15,53,23,564,0,28,484,22,73,669,26,47,23,96,171,353,71,90,0.0,9.93
E01032739,2020,3,10,4,121,126,55,13,14,3,1,0,48,38,8,15,53,23,564,0,28,484,22,73,669,26,47,23,96,171,353,71,90,0.0,11.93
E01032739,2020,4,12,4,121,126,55,13,14,3,1,0,48,38,8,15,53,23,564,0,28,484,22,73,669,26,47,23,96,171,353,71,90,0.0,13.93
E01032739,2020,5,6,4,121,126,55,13,14,3,1,0,48,38,8,15,53,23,564,0,28,484,22,73,669,26,47,23,96,171,353,71,90,0.0,15.87
E01032739,2020,6,7,4,121,126,55,13,14,3,1,0,48,38,8,15,53,23,564,0,28,484,22,73,669,26,47,23,96,171,353,71,90,0.0,16.37
E01032739,2020,7,8,4,121,126,55,13,14,3,1,0,48,38,8,15,53,23,564,0,28,484,22,73,669,26,47,23,96,171,353,71,90,0.0,15.8
E01032739,2020,8,8,4,121,126,55,13,14,3,1,0,48,38,8,15,53,23,564,0,28,484,22,73,669,26,47,23,96,171,353,71,90,0.0,14.4
E01032739,2020,9,12,4,121,126,55,13,14,3,1,0,48,38,8,15,53,23,564,0,28,484,22,73,669,26,47,23,96,171,353,71,90,0.0,12.43
E01032739,2020,10,10,4,121,126,55,13,14,3,1,0,48,38,8,15,53,23,564,0,28,484,22,73,669,26,47,23,96,171,353,71,90,0.0,10.5
E01032739,2020,11,3,4,121,126,55,13,14,3,1,0,48,38,8,15,53,23,564,0,28,484,22,73,669,26,47,23,96,171,353,71,90,0.0,8.4
E01032739,2020,12,2,4,121,126,55,13,14,3,1,0,48,38,8,15,53,23,564,0,28,484,22,73,669,26,47,23,96,171,353,71,90,0.0,7.93
E01032739,2021,1,2,4,121,126,55,13,14,3,1,0,48,38,8,15,53,23,564,0,28,484,22,73,669,26,47,23,96,171,353,71,90,0.0,8.07
E01032739,2021,2,2,4,121,126,55,13,14,3,1,0,48,38,8,15,53,23,564,0,28,484,22,73,669,26,47,23,96,171,353,71,90,0.0,9.93
E01032739,2021,3,2,4,121,126,55,13,14,3,1,0,48,38,8,15,53,23,564,0,28,484,22,73,669,26,47,23,96,171,353,71,90,0.0,11.93
E01032739,2021,4,7,4,121,126,55,13,14,3,1,0,48,38,8,15,53,23,564,0,28,484,22,73,669,26,47,23,96,171,353,71,90,0.0,13.93
E01032739,2021,5,6,4,121,126,55,13,14,3,1,0,48,38,8,15,53,23,564,0,28,484,22,73,669,26,47,23,96,171,353,71,90,0.0,15.87
E01032739,2021,6,7,4,121,126,55,13,14,3,1,0,48,38,8,15,53,23,564,0,28,484,22,73,669,26,47,23,96,171,353,71,90,0.0,16.37
E01032739,2021,7,11,4,121,126,55,13,14,3,1,0,48,38,8,15,53,23,564,0,28,484,22,73,669,26,47,23,96,171,353,71,90,0.0,15.8
E01032739,2021,8,13,4,121,126,55,13,14,3,1,0,48,38,8,15,53,23,564,0,28,484,22,73,669,26,47,23,96,171,353,71,90,0.0,14.4
E01032739,2021,9,15,4,121,126,55,13,14,3,1,0,48,38,8,15,53,23,564,0,28,484,22,73,669,26,47,23,96,171,353,71,90,0.0,12.43
E01032739,2021,10,9,4,121,126,55,13,14,3,1,0,48,38,8,15,53,23,564,0,28,484,22,73,669,26,47,23,96,171,353,71,90,0.0,10.5
E01032739,2021,11,13,4,121,126,55,13,14,3,1,0,48,38,8,15,53,23,564,0,28,484,22,73,669,26,47,23,96,171,353,71,90,0.0,8.4
E01032739,2021,12,15,4,121,126,55,13,14,3,1,0,48,38,8,15,53,23,564,0,28,484,22,73,669,26,47,23,96,171,353,71,90,0.0,7.93
E01032739,2022,1,10,4,121,126,55,13,14,3,1,0,48,38,8,15,53,23,564,0,28,484,22,73,669,26,47,23,96,171,353,71,90,0.0,8.07
E01032739,2022,2,19,4,121,126,55,13,14,3,1,0,48,38,8,15,53,23,564,0,28,484,22,73,669,26,47,23,96,171,353,71,90,0.0,9.93
E01032739,2022,3,8,4,121,126,55,13,14,3,1,0,48,38,8,15,53,23,564,0,28,484,22,73,669,26,47,23,96,171,353,71,90,0.0,11.93
E01032739,2022,4,11,4,121,126,55,13,14,3,1,0,48,38,8,15,53,23,564,0,28,484,22,73,669,26,47,23,96,171,353,71,90,0.0,13.93
E01032739,2022,5,15,4,121,126,55,13,14,3,1,0,48,38,8,15,53,23,564,0,28,484,22,73,669,26,47,23,96,171,353,71,90,0.0,15.87
E01032739,2022,6,12,4,121,126,55,13,14,3,1,0,48,38,8,15,53,23,564,0,28,484,22,73,669,26,47,23,96,171,353,71,90,0.0,16.37
E01032739,2022,7,8,4,121,126,55,13,14,3,1,0,48,38,8,15,53,23,564,0,28,484,22,73,669,26,47,23,96,171,353,71,90,0.0,15.8
E01032739,2022,8,25,4,121,126,55,13,14,3,1,0,48,38,8,15,53,23,564,0,28,484,22,73,669,26,47,23,96,171,353,71,90,0.0,14.4
E01032739,2022,9,12,4,121,126,55,13,14,3,1,0,48,38,8,15,53,23,564,0,28,484,22,73,669,26,47,23,96,171,353,71,90,0.0,12.43
E01032739,2022,10,12,4,121,126,55,13,14,3,1,0,48,38,8,15,53,23,564,0,28,484,22,73,669,26,47,23,96,171,353,71,90,0.0,10.5
E01032739,2022,11,23,4,121,126,55,13,14,3,1,0,48,38,8,15,53,23,564,0,28,484,22,73,669,26,47,23,96,171,353,71,90,0.0,8.4
E01032739,2022,12,25,4,121,126,55,13,14,3,1,0,48,38,8,15,53,23,564,0,28,484,22,73,669,26,47,23,96,171,353,71,90,0.0,7.93
E01032739,2023,1,15,4,121,126,55,13,14,3,1,0,48,38,8,15,53,23,564,0,28,484,22,73,669,26,47,23,96,171,353,71,90,0.0,8.07
E01032739,2023,2,13,4,121,126,55,13,14,3,1,0,48,38,8,15,53,23,564,0,28,484,22,73,669,26,47,23,96,171,353,71,90,0.0,9.93
E01032739,2023,3,16,4,121,126,55,13,14,3,1,0,48,38,8,15,53,23,564,0,28,484,22,73,669,26,47,23,96,171,353,71,90,0.0,11.93
E01032739,2023,4,19,4,121,126,55,13,14,3,1,0,48,38,8,15,53,23,564,0,28,484,22,73,669,26,47,23,96,171,353,71,90,0.0,13.93
E01032739,2023,5,19,4,121,126,55,13,14,3,1,0,48,38,8,15,53,23,564,0,28,484,22,73,669,26,47,23,96,171,353,71,90,0.0,15.87
E01032739,2023,6,23,4,121,126,55,13,14,3,1,0,48,38,8,15,53,23,564,0,28,484,22,73,669,26,47,23,96,171,353,71,90,0.0,16.37
E01032739,2023,7,8,4,121,126,55,13,14,3,1,0,48,38,8,15,53,23,564,0,28,484,22,73,669,26,47,23,96,171,353,71,90,0.0,15.8
E01032739,2023,8,25,4,121,126,55,13,14,3,1,0,48,38,8,15,53,23,564,0,28,484,22,73,669,26,47,23,96,171,353,71,90,0.0,14.4
E01032739,2023,9,15,4,121,126,55,13,14,3,1,0,48,38,8,15,53,23,564,0,28,484,22,73,669,26,47,23,96,171,353,71,90,0.0,12.43
E01032739,2023,10,15,4,121,126,55,13,14,3,1,0,48,38,8,15,53,23,564,0,28,484,22,73,669,26,47,23,96,171,353,71,90,0.0,10.5
E01032739,2023,11,15,4,121,126,55,13,14,3,1,0,48,38,8,15,53,23,564,0,28,484,22,73,669,26,47,23,96,171,353,71,90,0.0,8.4
E01032739,2023,12,10,4,121,126,55,13,14,3,1,0,48,38,8,15,53,23,564,0,28,484,22,73,669,26,47,23,96,171,353,71,90,0.0,7.93
E01032739,2024,1,20,4,121,126,55,13,14,3,1,0,48,38,8,15,53,23,564,0,28,484,22,73,669,26,47,23,96,171,353,71,90,0.0,8.07
E01032739,2024,2,21,4,121,126,55,13,14,3,1,0,48,38,8,15,53,23,564,0,28,484,22,73,669,26,47,23,96,171,353,71,90,0.0,9.93
E01032739,2024,3,14,4,121,126,55,13,14,3,1,0,48,38,8,15,53,23,564,0,28,484,22,73,669,26,47,23,96,171,353,71,90,0.0,11.93
E01032739,2024,4,12,4,121,126,55,13,14,3,1,0,48,38,8,15,53,23,564,0,28,484,22,73,669,26,47,23,96,171,353,71,90,0.0,13.93
E01032739,2024,5,14,4,121,126,55,13,14,3,1,0,48,38,8,15,53,23,564,0,28,484,22,73,669,26,47,23,96,171,353,71,90,0.0,15.87
E01032739,2024,6,16,4,121,126,55,13,14,3,1,0,48,38,8,15,53,23,564,0,28,484,22,73,669,26,47,23,96,171,353,71,90,0.0,16.37
E01032739,2024,7,17,4,121,126,55,13,14,3,1,0,48,38,8,15,53,23,564,0,28,484,22,73,669,26,47,23,96,171,353,71,90,0.0,15.8
E01032739,2024,8,18,4,121,126,55,13,14,3,1,0,48,38,8,15,53,23,564,0,28,484,22,73,669,26,47,23,96,171,353,71,90,0.0,14.4
E01032739,2024,9,19,4,121,126,55,13,14,3,1,0,48,38,8,15,53,23,564,0,28,484,22,73,669,26,47,23,96,171,353,71,90,0.0,12.43
E01032739,2024,10,17,4,121,126,55,13,14,3,1,0,48,38,8,15,53,23,564,0,28,484,22,73,669,26,47,23,96,171,353,71,90,0.0,10.5
E01032739,2024,11,8,4,121,126,55,13,14,3,1,0,48,38,8,15,53,23,564,0,28,484,22,73,669,26,47,23,96,171,353,71,90,0.0,8.4
E01032739,2024,12,17,4,121,126,55,13,14,3,1,0,48,38,8,15,53,23,564,0,28,484,22,73,669,26,47,23,96,171,353,71,90,0.0,7.93
E01032739,2025,1,14,4,121,126,55,13,14,3,1,0,48,38,8,15,53,23,564,0,28,484,22,73,669,26,47,23,96,171,353,71,90,0.0,8.07
E01032739,2025,2,17,4,121,126,55,13,14,3,1,0,48,38,8,15,53,23,564,0,28,484,22,73,669,26,47,23,96,171,353,71,90,0.0,9.93
E01032740,2016,5,4,0,170,48,53,11,12,4,2,0,20,33,5,7,42,13,459,0,34,469,13,50,608,16,23,33,41,224,269,41,83,0.0,15.87
E01032740,2016,6,1,0,170,48,53,11,12,4,2,0,20,33,5,7,42,13,459,0,34,469,13,50,608,16,23,33,41,224,269,41,83,0.0,16.37
E01032740,2016,7,5,0,170,48,53,11,12,4,2,0,20,33,5,7,42,13,459,0,34,469,13,50,608,16,23,33,41,224,269,41,83,0.0,15.8
E01032740,2016,8,3,0,170,48,53,11,12,4,2,0,20,33,5,7,42,13,459,0,34,469,13,50,608,16,23,33,41,224,269,41,83,0.0,14.4
E01032740,2016,9,4,0,170,48,53,11,12,4,2,0,20,33,5,7,42,13,459,0,34,469,13,50,608,16,23,33,41,224,269,41,83,0.0,12.43
E01032740,2016,10,8,0,170,48,53,11,12,4,2,0,20,33,5,7,42,13,459,0,34,469,13,50,608,16,23,33,41,224,269,41,83,0.0,10.5
E01032740,2016,11,11,0,170,48,53,11,12,4,2,0,20,33,5,7,42,13,459,0,34,469,13,50,608,16,23,33,41,224,269,41,83,0.0,8.4
E01032740,2016,12,6,0,170,48,53,11,12,4,2,0,20,33,5,7,42,13,459,0,34,469,13,50,608,16,23,33,41,224,269,41,83,0.0,7.93
E01032740,2017,1,2,0,170,48,53,11,12,4,2,0,20,33,5,7,42,13,459,0,34,469,13,50,608,16,23,33,41,224,269,41,83,0.0,8.07
E01032740,2017,2,5,0,170,48,53,11,12,4,2,0,20,33,5,7,42,13,459,0,34,469,13,50,608,16,23,33,41,224,269,41,83,0.0,9.93
E01032740,2017,3,3,0,170,48,53,11,12,4,2,0,20,33,5,7,42,13,459,0,34,469,13,50,608,16,23,33,41,224,269,41,83,0.0,11.93
E01032740,2017,4,9,0,170,48,53,11,12,4,2,0,20,33,5,7,42,13,459,0,34,469,13,50,608,16,23,33,41,224,269,41,83,0.0,13.93
E01032740,2017,5,8,0,170,48,53,11,12,4,2,0,20,33,5,7,42,13,459,0,34,469,13,50,608,16,23,33,41,224,269,41,83,0.0,15.87
E01032740,2017,6,6,0,170,48,53,11,12,4,2,0,20,33,5,7,42,13,459,0,34,469,13,50,608,16,23,33,41,224,269,41,83,0.0,16.37
E01032740,2017,8,5,0,170,48,53,11,12,4,2,0,20,33,5,7,42,13,459,0,34,469,13,50,608,16,23,33,41,224,269,41,83,0.0,14.4
E01032740,2017,9,2,0,170,48,53,11,12,4,2,0,20,33,5,7,42,13,459,0,34,469,13,50,608,16,23,33,41,224,269,41,83,0.0,12.43
E01032740,2017,10,4,0,170,48,53,11,12,4,2,0,20,33,5,7,42,13,459,0,34,469,13,50,608,16,23,33,41,224,269,41,83,0.0,10.5
E01032740,2017,11,4,0,170,48,53,11,12,4,2,0,20,33,5,7,42,13,459,0,34,469,13,50,608,16,23,33,41,224,269,41,83,0.0,8.4
E01032740,2017,12,6,0,170,48,53,11,12,4,2,0,20,33,5,7,42,13,459,0,34,469,13,50,608,16,23,33,41,224,269,41,83,0.0,7.93
E01032740,2018,1,12,0,170,48,53,11,12,4,2,0,20,33,5,7,42,13,459,0,34,469,13,50,608,16,23,33,41,224,269,41,83,0.0,8.07
E01032740,2018,2,6,0,170,48,53,11,12,4,2,0,20,33,5,7,42,13,459,0,34,469,13,50,608,16,23,33,41,224,269,41,83,0.0,9.93
E01032740,2018,3,13,0,170,48,53,11,12,4,2,0,20,33,5,7,42,13,459,0,34,469,13,50,608,16,23,33,41,224,269,41,83,0.0,11.93
E01032740,2018,4,7,0,170,48,53,11,12,4,2,0,20,33,5,7,42,13,459,0,34,469,13,50,608,16,23,33,41,224,269,41,83,0.0,13.93
E01032740,2018,5,10,0,170,48,53,11,12,4,2,0,20,33,5,7,42,13,459,0,34,469,13,50,608,16,23,33,41,224,269,41,83,0.0,15.87
E01032740,2018,6,4,0,170,48,53,11,12,4,2,0,20,33,5,7,42,13,459,0,34,469,13,50,608,16,23,33,41,224,269,41,83,0.0,16.37
E01032740,2018,7,3,0,170,48,53,11,12,4,2,0,20,33,5,7,42,13,459,0,34,469,13,50,608,16,23,33,41,224,269,41,83,0.0,15.8
E01032740,2018,8,15,0,170,48,53,11,12,4,2,0,20,33,5,7,42,13,459,0,34,469,13,50,608,16,23,33,41,224,269,41,83,0.0,14.4
E01032740,2018,10,3,0,170,48,53,11,12,4,2,0,20,33,5,7,42,13,459,0,34,469,13,50,608,16,23,33,41,224,269,41,83,0.0,10.5
E01032740,2018,11,2,0,170,48,53,11,12,4,2,0,20,33,5,7,42,13,459,0,34,469,13,50,608,16,23,33,41,224,269,41,83,0.0,8.4
E01032740,2018,12,3,0,170,48,53,11,12,4,2,0,20,33,5,7,42,13,459,0,34,469,13,50,608,16,23,33,41,224,269,41,83,0.0,7.93
E01032740,2019,1,7,0,170,48,53,11,12,4,2,0,20,33,5,7,42,13,459,0,34,469,13,50,608,16,23,33,41,224,269,41,83,0.0,8.07
E01032740,2019,2,4,0,170,48,53,11,12,4,2,0,20,33,5,7,42,13,459,0,34,469,13,50,608,16,23,33,41,224,269,41,83,0.0,9.93
E01032740,2019,3,7,0,170,48,53,11,12,4,2,0,20,33,5,7,42,13,459,0,34,469,13,50,608,16,23,33,41,224,269,41,83,0.0,11.93
E01032740,2019,4,2,0,170,48,53,11,12,4,2,0,20,33,5,7,42,13,459,0,34,469,13,50,608,16,23,33,41,224,269,41,83,0.0,13.93
E01032740,2019,5,8,0,170,48,53,11,12,4,2,0,20,33,5,7,42,13,459,0,34,469,13,50,608,16,23,33,41,224,269,41,83,0.0,15.87
E01032740,2019,6,2,0,170,48,53,11,12,4,2,0,20,33,5,7,42,13,459,0,34,469,13,50,608,16,23,33,41,224,269,41,83,0.0,16.37
E01032740,2019,7,2,0,170,48,53,11,12,4,2,0,20,33,5,7,42,13,459,0,34,469,13,50,608,16,23,33,41,224,269,41,83,0.0,15.8
E01032740,2019,8,5,0,170,48,53,11,12,4,2,0,20,33,5,7,42,13,459,0,34,469,13,50,608,16,23,33,41,224,269,41,83,0.0,14.4
E01032740,2019,9,6,0,170,48,53,11,12,4,2,0,20,33,5,7,42,13,459,0,34,469,13,50,608,16,23,33,41,224,269,41,83,0.0,12.43
E01032740,2019,10,13,0,170,48,53,11,12,4,2,0,20,33,5,7,42,13,459,0,34,469,13,50,608,16,23,33,41,224,269,41,83,0.0,10.5
E01032740,2019,11,6,0,170,48,53,11,12,4,2,0,20,33,5,7,42,13,459,0,34,469,13,50,608,16,23,33,41,224,269,41,83,0.0,8.4
E01032740,2019,12,5,0,170,48,53,11,12,4,2,0,20,33,5,7,42,13,459,0,34,469,13,50,608,16,23,33,41,224,269,41,83,0.0,7.93
E01032740,2020,1,5,0,170,48,53,11,12,4,2,0,20,33,5,7,42,13,459,0,34,469,13,50,608,16,23,33,41,224,269,41,83,0.0,8.07
E01032740,2020,2,3,0,170,48,53,11,12,4,2,0,20,33,5,7,42,13,459,0,34,469,13,50,608,16,23,33,41,224,269,41,83,0.0,9.93
E01032740,2020,3,9,0,170,48,53,11,12,4,2,0,20,33,5,7,42,13,459,0,34,469,13,50,608,16,23,33,41,224,269,41,83,0.0,11.93
E01032740,2020,4,3,0,170,48,53,11,12,4,2,0,20,33,5,7,42,13,459,0,34,469,13,50,608,16,23,33,41,224,269,41,83,0.0,13.93
E01032740,2020,5,7,0,170,48,53,11,12,4,2,0,20,33,5,7,42,13,459,0,34,469,13,50,608,16,23,33,41,224,269,41,83,0.0,15.87
E01032740,2020,6,1,0,170,48,53,11,12,4,2,0,20,33,5,7,42,13,459,0,34,469,13,50,608,16,23,33,41,224,269,41,83,0.0,16.37
E01032740,2020,7,3,0,170,48,53,11,12,4,2,0,20,33,5,7,42,13,459,0,34,469,13,50,608,16,23,33,41,224,269,41,83,0.0,15.8
E01032740,2020,8,1,0,170,48,53,11,12,4,2,0,20,33,5,7,42,13,459,0,34,469,13,50,608,16,23,33,41,224,269,41,83,0.0,14.4
E01032740,2020,9,3,0,170,48,53,11,12,4,2,0,20,33,5,7,42,13,459,0,34,469,13,50,608,16,23,33,41,224,269,41,83,0.0,12.43
E01032740,2020,10,2,0,170,48,53,11,12,4,2,0,20,33,5,7,42,13,459,0,34,469,13,50,608,16,23,33,41,224,269,41,83,0.0,10.5
E01032740,2020,11,1,0,170,48,53,11,12,4,2,0,20,33,5,7,42,13,459,0,34,469,13,50,608,16,23,33,41,224,269,41,83,0.0,8.4
E01032740,2020,12,2,0,170,48,53,11,12,4,2,0,20,33,5,7,42,13,459,0,34,469,13,50,608,16,23,33,41,224,269,41,83,0.0,7.93
E01032740,2021,1,2,0,170,48,53,11,12,4,2,0,20,33,5,7,42,13,459,0,34,469,13,50,608,16,23,33,41,224,269,41,83,0.0,8.07
E01032740,2021,2,2,0,170,48,53,11,12,4,2,0,20,33,5,7,42,13,459,0,34,469,13,50,608,16,23,33,41,224,269,41,83,0.0,9.93
E01032740,2021,4,3,0,170,48,53,11,12,4,2,0,20,33,5,7,42,13,459,0,34,469,13,50,608,16,23,33,41,224,269,41,83,0.0,13.93
E01032740,2021,5,1,0,170,48,53,11,12,4,2,0,20,33,5,7,42,13,459,0,34,469,13,50,608,16,23,33,41,224,269,41,83,0.0,15.87
E01032740,2021,6,1,0,170,48,53,11,12,4,2,0,20,33,5,7,42,13,459,0,34,469,13,50,608,16,23,33,41,224,269,41,83,0.0,16.37
E01032740,2021,7,5,0,170,48,53,11,12,4,2,0,20,33,5,7,42,13,459,0,34,469,13,50,608,16,23,33,41,224,269,41,83,0.0,15.8
E01032740,2021,8,3,0,170,48,53,11,12,4,2,0,20,33,5,7,42,13,459,0,34,469,13,50,608,16,23,33,41,224,269,41,83,0.0,14.4
E01032740,2021,9,7,0,170,48,53,11,12,4,2,0,20,33,5,7,42,13,459,0,34,469,13,50,608,16,23,33,41,224,269,41,83,0.0,12.43
E01032740,2021,10,2,0,170,48,53,11,12,4,2,0,20,33,5,7,42,13,459,0,34,469,13,50,608,16,23,33,41,224,269,41,83,0.0,10.5
E01032740,2021,11,3,0,170,48,53,11,12,4,2,0,20,33,5,7,42,13,459,0,34,469,13,50,608,16,23,33,41,224,269,41,83,0.0,8.4
E01032740,2021,12,6,0,170,48,53,11,12,4,2,0,20,33,5,7,42,13,459,0,34,469,13,50,608,16,23,33,41,224,269,41,83,0.0,7.93
E01032740,2022,2,3,0,170,48,53,11,12,4,2,0,20,33,5,7,42,13,459,0,34,469,13,50,608,16,23,33,41,224,269,41,83,0.0,9.93
E01032740,2022,3,1,0,170,48,53,11,12,4,2,0,20,33,5,7,42,13,459,0,34,469,13,50,608,16,23,33,41,224,269,41,83,0.0,11.93
E01032740,2022,4,6,0,170,48,53,11,12,4,2,0,20,33,5,7,42,13,459,0,34,469,13,50,608,16,23,33,41,224,269,41,83,0.0,13.93
E01032740,2022,5,7,0,170,48,53,11,12,4,2,0,20,33,5,7,42,13,459,0,34,469,13,50,608,16,23,33,41,224,269,41,83,0.0,15.87
E01032740,2022,6,2,0,170,48,53,11,12,4,2,0,20,33,5,7,42,13,459,0,34,469,13,50,608,16,23,33,41,224,269,41,83,0.0,16.37
E01032740,2022,7,5,0,170,48,53,11,12,4,2,0,20,33,5,7,42,13,459,0,34,469,13,50,608,16,23,33,41,224,269,41,83,0.0,15.8
E01032740,2022,8,4,0,170,48,53,11,12,4,2,0,20,33,5,7,42,13,459,0,34,469,13,50,608,16,23,33,41,224,269,41,83,0.0,14.4
E01032740,2022,9,4,0,170,48,53,11,12,4,2,0,20,33,5,7,42,13,459,0,34,469,13,50,608,16,23,33,41,224,269,41,83,0.0,12.43
E01032740,2022,10,2,0,170,48,53,11,12,4,2,0,20,33,5,7,42,13,459,0,34,469,13,50,608,16,23,33,41,224,269,41,83,0.0,10.5
E01032740,2022,11,6,0,170,48,53,11,12,4,2,0,20,33,5,7,42,13,459,0,34,469,13,50,608,16,23,33,41,224,269,41,83,0.0,8.4
E01032740,2022,12,2,0,170,48,53,11,12,4,2,0,20,33,5,7,42,13,459,0,34,469,13,50,608,16,23,33,41,224,269,41,83,0.0,7.93
E01032740,2023,1,2,0,170,48,53,11,12,4,2,0,20,33,5,7,42,13,459,0,34,469,13,50,608,16,23,33,41,224,269,41,83,0.0,8.07
E01032740,2023,2,5,0,170,48,53,11,12,4,2,0,20,33,5,7,42,13,459,0,34,469,13,50,608,16,23,33,41,224,269,41,83,0.0,9.93
E01032740,2023,3,6,0,170,48,53,11,12,4,2,0,20,33,5,7,42,13,459,0,34,469,13,50,608,16,23,33,41,224,269,41,83,0.0,11.93
E01032740,2023,4,4,0,170,48,53,11,12,4,2,0,20,33,5,7,42,13,459,0,34,469,13,50,608,16,23,33,41,224,269,41,83,0.0,13.93
E01032740,2023,5,6,0,170,48,53,11,12,4,2,0,20,33,5,7,42,13,459,0,34,469,13,50,608,16,23,33,41,224,269,41,83,0.0,15.87
E01032740,2023,6,5,0,170,48,53,11,12,4,2,0,20,33,5,7,42,13,459,0,34,469,13,50,608,16,23,33,41,224,269,41,83,0.0,16.37
E01032740,2023,7,7,0,170,48,53,11,12,4,2,0,20,33,5,7,42,13,459,0,34,469,13,50,608,16,23,33,41,224,269,41,83,0.0,15.8
E01032740,2023,8,4,0,170,48,53,11,12,4,2,0,20,33,5,7,42,13,459,0,34,469,13,50,608,16,23,33,41,224,269,41,83,0.0,14.4
E01032740,2023,9,2,0,170,48,53,11,12,4,2,0,20,33,5,7,42,13,459,0,34,469,13,50,608,16,23,33,41,224,269,41,83,0.0,12.43
E01032740,2023,10,7,0,170,48,53,11,12,4,2,0,20,33,5,7,42,13,459,0,34,469,13,50,608,16,23,33,41,224,269,41,83,0.0,10.5
E01032740,2023,11,5,0,170,48,53,11,12,4,2,0,20,33,5,7,42,13,459,0,34,469,13,50,608,16,23,33,41,224,269,41,83,0.0,8.4
E01032740,2023,12,4,0,170,48,53,11,12,4,2,0,20,33,5,7,42,13,459,0,34,469,13,50,608,16,23,33,41,224,269,41,83,0.0,7.93
E01032740,2024,1,3,0,170,48,53,11,12,4,2,0,20,33,5,7,42,13,459,0,34,469,13,50,608,16,23,33,41,224,269,41,83,0.0,8.07
E01032740,2024,2,5,0,170,48,53,11,12,4,2,0,20,33,5,7,42,13,459,0,34,469,13,50,608,16,23,33,41,224,269,41,83,0.0,9.93
E01032740,2024,3,3,0,170,48,53,11,12,4,2,0,20,33,5,7,42,13,459,0,34,469,13,50,608,16,23,33,41,224,269,41,83,0.0,11.93
E01032740,2024,4,8,0,170,48,53,11,12,4,2,0,20,33,5,7,42,13,459,0,34,469,13,50,608,16,23,33,41,224,269,41,83,0.0,13.93
E01032740,2024,5,5,0,170,48,53,11,12,4,2,0,20,33,5,7,42,13,459,0,34,469,13,50,608,16,23,33,41,224,269,41,83,0.0,15.87
E01032740,2024,6,4,0,170,48,53,11,12,4,2,0,20,33,5,7,42,13,459,0,34,469,13,50,608,16,23,33,41,224,269,41,83,0.0,16.37
E01032740,2024,7,3,0,170,48,53,11,12,4,2,0,20,33,5,7,42,13,459,0,34,469,13,50,608,16,23,33,41,224,269,41,83,0.0,15.8
E01032740,2024,8,2,0,170,48,53,11,12,4,2,0,20,33,5,7,42,13,459,0,34,469,13,50,608,16,23,33,41,224,269,41,83,0.0,14.4
E01032740,2024,9,7,0,170,48,53,11,12,4,2,0,20,33,5,7,42,13,459,0,34,469,13,50,608,16,23,33,41,224,269,41,83,0.0,12.43
E01032740,2024,10,9,0,170,48,53,11,12,4,2,0,20,33,5,7,42,13,459,0,34,469,13,50,608,16,23,33,41,224,269,41,83,0.0,10.5
E01032740,2024,11,4,0,170,48,53,11,12,4,2,0,20,33,5,7,42,13,459,0,34,469,13,50,608,16,23,33,41,224,269,41,83,0.0,8.4
E01032740,2024,12,4,0,170,48,53,11,12,4,2,0,20,33,5,7,42,13,459,0,34,469,13,50,608,16,23,33,41,224,269,41,83,0.0,7.93
E01032740,2025,1,6,0,170,48,53,11,12,4,2,0,20,33,5,7,42,13,459,0,34,469,13,50,608,16,23,33,41,224,269,41,83,0.0,8.07
E01032740,2025,2,10,0,170,48,53,11,12,4,2,0,20,33,5,7,42,13,459,0,34,469,13,50,608,16,23,33,41,224,269,41,83,0.0,9.93
E01032767,2020,6,1,161,77,111,50,41,24,8,2,0,43,38,20,16,48,28,399,1,22,453,23,63,657,29,52,61,75,207,293,70,59,1.0,16.37
E01032767,2021,8,1,161,77,111,50,41,24,8,2,0,43,38,20,16,48,28,399,1,22,453,23,63,657,29,52,61,75,207,293,70,59,1.0,14.4
E01032767,2022,2,1,161,77,111,50,41,24,8,2,0,43,38,20,16,48,28,399,1,22,453,23,63,657,29,52,61,75,207,293,70,59,1.0,9.93
E01033490,2016,10,1,23,114,50,71,15,92,28,22,0,38,26,11,20,77,24,478,0,9,288,13,146,313,22,49,47,108,364,216,55,82,0.0,10.5
E01033490,2019,6,1,23,114,50,71,15,92,28,22,0,38,26,11,20,77,24,478,0,9,288,13,146,313,22,49,47,108,364,216,55,82,0.0,16.37
E01033490,2020,4,2,23,114,50,71,15,92,28,22,0,38,26,11,20,77,24,478,0,9,288,13,146,313,22,49,47,108,364,216,55,82,0.0,13.93
E01033490,2020,8,1,23,114,50,71,15,92,28,22,0,38,26,11,20,77,24,478,0,9,288,13,146,313,22,49,47,108,364,216,55,82,0.0,14.4
E01033490,2020,9,1,23,114,50,71,15,92,28,22,0,38,26,11,20,77,24,478,0,9,288,13,146,313,22,49,47,108,364,216,55,82,0.0,12.43
E01033490,2021,8,1,23,114,50,71,15,92,28,22,0,38,26,11,20,77,24,478,0,9,288,13,146,313,22,49,47,108,364,216,55,82,0.0,14.4
E01033490,2021,9,1,23,114,50,71,15,92,28,22,0,38,26,11,20,77,24,478,0,9,288,13,146,313,22,49,47,108,364,216,55,82,0.0,12.43
E01033490,2022,2,1,23,114,50,71,15,92,28,22,0,38,26,11,20,77,24,478,0,9,288,13,146,313,22,49,47,108,364,216,55,82,0.0,9.93
E01033490,2022,6,1,23,114,50,71,15,92,28,22,0,38,26,11,20,77,24,478,0,9,288,13,146,313,22,49,47,108,364,216,55,82,0.0,16.37
E01033490,2022,7,1,23,114,50,71,15,92,28,22,0,38,26,11,20,77,24,478,0,9,288,13,146,313,22,49,47,108,364,216,55,82,0.0,15.8
E01033490,2022,8,1,23,114,50,71,15,92,28,22,0,38,26,11,20,77,24,478,0,9,288,13,146,313,22,49,47,108,364,216,55,82,0.0,14.4
E01033490,2023,1,1,23,114,50,71,15,92,28,22,0,38,26,11,20,77,24,478,0,9,288,13,146,313,22,49,47,108,364,216,55,82,0.0,8.07
E01033708,2022,12,1,14,166,83,58,20,72,33,16,0,45,48,12,14,88,24,541,7,58,556,15,82,590,26,52,54,73,351,434,66,142,2.0,7.93
E01033708,2024,12,1,14,166,83,58,20,72,33,16,0,45,48,12,14,88,24,541,7,58,556,15,82,590,26,52,54,73,351,434,66,142,2.0,7.93
